<?xml version="1.0" encoding="utf-8"?>
<!DOCTYPE forum [
<!ELEMENT forum (name,content,date)>
<!ELEMENT name (#PCDATA)>
<!ELEMENT content (#PCDATA)>
<!ELEMENT date (#PCDATA)>
]>

<Forum>

<spokesman>
<name>Linda</name>
<content>BLABLABLABLABLA</content>
<date>06-04-2017</date>
</spokesman>

<spokesman>
<name>Amy</name>
<content>BLABLABLABLABLA</content>
<date>07-04-2017</date>
</spokesman>

<spokesman>
<name>Parker</name>
<content>BLABLABLABLABLA</content>
<date>06-07-2017</date>
</spokesman>

<spokesman>
<name>Bowen</name>
<content>BLABLABLABLABLA</content>
<date>06-08-2017</date>
</spokesman>

<spokesman>
<name>Tom</name>
<content>BLABLABLABLABLA</content>
<date>12-08-2017</date>
</spokesman>

<spokesman>
<name>Tony</name>
<content>BLABLABLABLABLA</content>
<date>18-08-2017</date>
</spokesman>

</Forum>